species,order,family,pop,author,class,region,location,lon,lat,hybrid,island,habitat_type,doi_data,doi_paper,num_individuals,num_loci,gene_diversity,allelic_richness,global_fst,Ne,Ne_lower,Ne_upper,migratory_bird
Artibeus_jamaicensis,Chiroptera,Phyllostomidae,ER.24.AJ,Cleary,mammal,SouthAmerica,CostaRica,-84.15158383,10.40755002,0,0,terrestrial,10.5061/dryad.nv92q,10.1111/mec.14230,18,10,0.718662693835704,4.98699742712109,0.00725255074413678,78.3,19.7,NA,NA
Artibeus_jamaicensis,Chiroptera,Phyllostomidae,BT.5.AJ,Cleary,mammal,SouthAmerica,CostaRica,-84.20077907,10.67352505,0,0,terrestrial,10.5061/dryad.nv92q,10.1111/mec.14230,22,10,0.745931719795356,5.06386036368432,-0.0248341062302853,113.9,25.6,NA,NA
Artibeus_jamaicensis,Chiroptera,Phyllostomidae,ER.36.AJ,Cleary,mammal,SouthAmerica,CostaRica,-84.32403278,10.45429568,0,0,terrestrial,10.5061/dryad.nv92q,10.1111/mec.14230,24,10,0.731403755776098,4.96882632673262,-0.00289192182124243,51.8,20.6,NA,NA
Artibeus_jamaicensis,Chiroptera,Phyllostomidae,P.6.AJ,Cleary,mammal,SouthAmerica,CostaRica,-84.11642769,10.57520918,0,0,terrestrial,10.5061/dryad.nv92q,10.1111/mec.14230,12,10,0.703463613406795,4.87986743480417,0.0141080979659843,NA,14.5,NA,NA
Artibeus_jamaicensis,Chiroptera,Phyllostomidae,BT.9.AJ,Cleary,mammal,SouthAmerica,CostaRica,-84.27645746,10.50598904,0,0,terrestrial,10.5061/dryad.nv92q,10.1111/mec.14230,12,10,0.684363521579431,4.9638140777426,0.040816825383054,NA,21.1,NA,NA
Artibeus_jamaicensis,Chiroptera,Phyllostomidae,ER.14.AJ,Cleary,mammal,SouthAmerica,CostaRica,-84.08273856,10.44451984,0,0,terrestrial,10.5061/dryad.nv92q,10.1111/mec.14230,17,10,0.736905276816609,4.98561727286295,-0.0197174435782943,39.3,13.4,NA,NA
Artibeus_jamaicensis,Chiroptera,Phyllostomidae,P.PA.AJ,Cleary,mammal,SouthAmerica,CostaRica,-84.14815849,10.53484365,0,0,terrestrial,10.5061/dryad.nv92q,10.1111/mec.14230,16,10,0.733909722222222,4.85131286736107,-0.017227507522481,NA,33.1,NA,NA
Artibeus_jamaicensis,Chiroptera,Phyllostomidae,BT.LL.AJ,Cleary,mammal,SouthAmerica,CostaRica,-84.17953917,10.68167235,0,0,terrestrial,10.5061/dryad.nv92q,10.1111/mec.14230,5,10,0.618,4.3,0.0781420824352057,443.2,3,NA,NA
Artibeus_jamaicensis,Chiroptera,Phyllostomidae,P.10.AJ,Cleary,mammal,SouthAmerica,CostaRica,-84.16004684,10.58743268,0,0,terrestrial,10.5061/dryad.nv92q,10.1111/mec.14230,11,10,0.726859504132231,4.98269068392907,-0.0222847541271423,630.7,14.7,NA,NA
Artibeus_jamaicensis,Chiroptera,Phyllostomidae,ER.1.AJ,Cleary,mammal,SouthAmerica,CostaRica,-84.10801737,10.44279947,0,0,terrestrial,10.5061/dryad.nv92q,10.1111/mec.14230,27,10,0.737388799603899,5.06671492520483,-0.00870266560198285,154.4,36.6,NA,NA
Artibeus_jamaicensis,Chiroptera,Phyllostomidae,ER.27.AJ,Cleary,mammal,SouthAmerica,CostaRica,-84.1536954,10.4616922,0,0,terrestrial,10.5061/dryad.nv92q,10.1111/mec.14230,7,10,0.659183673469388,4.64435564435564,0.0469643421313501,NA,8.4,NA,NA
Artibeus_jamaicensis,Chiroptera,Phyllostomidae,P.9.AJ,Cleary,mammal,SouthAmerica,CostaRica,-84.18164283,10.55646207,0,0,terrestrial,10.5061/dryad.nv92q,10.1111/mec.14230,24,10,0.689409722222222,4.66676552118203,0.0547671476322564,34.6,17.7,127.5,NA
Artibeus_jamaicensis,Chiroptera,Phyllostomidae,P.1.AJ,Cleary,mammal,SouthAmerica,CostaRica,-84.16984127,10.54659646,0,0,terrestrial,10.5061/dryad.nv92q,10.1111/mec.14230,9,10,0.722135416666667,4.97339735427971,-0.0270871301708839,32.9,8.6,NA,NA
Artibeus_jamaicensis,Chiroptera,Phyllostomidae,BT.4.AJ,Cleary,mammal,SouthAmerica,CostaRica,-84.16250041,10.66241333,0,0,terrestrial,10.5061/dryad.nv92q,10.1111/mec.14230,17,10,0.720061770112457,5.08089690555825,0.00384029120424711,40.6,12.6,NA,NA
Artibeus_jamaicensis,Chiroptera,Phyllostomidae,P.2.AJ,Cleary,mammal,SouthAmerica,CostaRica,-84.16115909,10.52079464,0,0,terrestrial,10.5061/dryad.nv92q,10.1111/mec.14230,12,10,0.685132575757576,4.78609413705153,0.0393259881856962,NA,17,NA,NA
Artibeus_jamaicensis,Chiroptera,Phyllostomidae,ER.23.AJ,Cleary,mammal,SouthAmerica,CostaRica,-84.14568385,10.42149368,0,0,terrestrial,10.5061/dryad.nv92q,10.1111/mec.14230,23,10,0.737159460090806,5.05037409694805,-0.0118497102278061,1776,39.2,NA,NA
Artibeus_jamaicensis,Chiroptera,Phyllostomidae,ER.20.AJ,Cleary,mammal,SouthAmerica,CostaRica,-84.09996326,10.46542213,0,0,terrestrial,10.5061/dryad.nv92q,10.1111/mec.14230,12,10,0.701474977043159,4.93276394601943,0.0168181367696556,191.6,14.8,NA,NA
Artibeus_jamaicensis,Chiroptera,Phyllostomidae,P.3.AJ,Cleary,mammal,SouthAmerica,CostaRica,-84.17877026,10.53256358,0,0,terrestrial,10.5061/dryad.nv92q,10.1111/mec.14230,29,10,0.737277051129608,4.9227421583301,-0.00716790616540197,56.1,24.3,12743.5,NA
Artibeus_jamaicensis,Chiroptera,Phyllostomidae,ER.15.AJ,Cleary,mammal,SouthAmerica,CostaRica,-84.13441142,10.47287142,0,0,terrestrial,10.5061/dryad.nv92q,10.1111/mec.14230,13,10,0.717338510848126,4.98813374616141,-0.00228139257915316,85.6,13,NA,NA
Artibeus_jamaicensis,Chiroptera,Phyllostomidae,P.12.AJ,Cleary,mammal,SouthAmerica,CostaRica,-84.12331947,10.59371868,0,0,terrestrial,10.5061/dryad.nv92q,10.1111/mec.14230,27,10,0.738293333333333,4.96843632036636,-0.0100856179525055,106.6,33.1,NA,NA
Artibeus_jamaicensis,Chiroptera,Phyllostomidae,ER.40.AJ,Cleary,mammal,SouthAmerica,CostaRica,-84.24584339,10.41098385,0,0,terrestrial,10.5061/dryad.nv92q,10.1111/mec.14230,8,10,0.74296875,5.14088411588412,-0.0639403878690767,30.2,6.3,NA,NA
Artibeus_jamaicensis,Chiroptera,Phyllostomidae,P.11.AJ,Cleary,mammal,SouthAmerica,CostaRica,-84.1222792,10.55847257,0,0,terrestrial,10.5061/dryad.nv92q,10.1111/mec.14230,10,10,0.70091975308642,5.10446204122675,0.00917846123130694,NA,21.4,NA,NA
Artibeus_jamaicensis,Chiroptera,Phyllostomidae,SV.1.AJ,Cleary,mammal,SouthAmerica,CostaRica,-84.06712196,10.44590958,0,0,terrestrial,10.5061/dryad.nv92q,10.1111/mec.14230,21,10,0.708490079365079,4.86747546768172,0.0254281447001782,60.9,18.5,NA,NA
Artibeus_jamaicensis,Chiroptera,Phyllostomidae,ER.19.AJ,Cleary,mammal,SouthAmerica,CostaRica,-84.12852167,10.43423721,0,0,terrestrial,10.5061/dryad.nv92q,10.1111/mec.14230,10,10,0.689666666666667,4.97719244120173,0.0248295502462412,NA,20.4,NA,NA
Carollia_castanea,Chiroptera,Phyllostomidae,P.11.CC,Cleary,mammal,SouthAmerica,CostaRica,-84.1222792,10.55847257,0,0,terrestrial,10.5061/dryad.nv92q,10.1111/mec.14230,11,16,0.68775826446281,4.39720467226272,0.00554812976815733,212.8,19.3,NA,NA
Carollia_castanea,Chiroptera,Phyllostomidae,ER.14.CC,Cleary,mammal,SouthAmerica,CostaRica,-84.08273856,10.44451984,0,0,terrestrial,10.5061/dryad.nv92q,10.1111/mec.14230,14,16,0.688137755102041,4.32679832086297,0.0150499229956407,891.5,38.5,NA,NA
Carollia_castanea,Chiroptera,Phyllostomidae,BT.9.CC,Cleary,mammal,SouthAmerica,CostaRica,-84.27645746,10.50598904,0,0,terrestrial,10.5061/dryad.nv92q,10.1111/mec.14230,20,16,0.680399930747922,4.05141276418897,0.0367319811550256,15,10.6,22.4,NA
Carollia_castanea,Chiroptera,Phyllostomidae,P.PA.CC,Cleary,mammal,SouthAmerica,CostaRica,-84.14815849,10.53484365,0,0,terrestrial,10.5061/dryad.nv92q,10.1111/mec.14230,24,16,0.707411024305556,4.33697229533741,0.00285166598582964,20.8,14.4,32.7,NA
Carollia_castanea,Chiroptera,Phyllostomidae,BT.LL.CC,Cleary,mammal,SouthAmerica,CostaRica,-84.17953917,10.68167235,0,0,terrestrial,10.5061/dryad.nv92q,10.1111/mec.14230,11,16,0.698605371900826,4.55119667484219,-0.0101360529392169,66.8,15.3,NA,NA
Carollia_castanea,Chiroptera,Phyllostomidae,P.2.CC,Cleary,mammal,SouthAmerica,CostaRica,-84.16115909,10.52079464,0,0,terrestrial,10.5061/dryad.nv92q,10.1111/mec.14230,8,16,0.68310546875,4.4536245004995,-0.00568286534908746,43.7,12.4,NA,NA
Carollia_castanea,Chiroptera,Phyllostomidae,P.10.CC,Cleary,mammal,SouthAmerica,CostaRica,-84.16004684,10.58743268,0,0,terrestrial,10.5061/dryad.nv92q,10.1111/mec.14230,18,16,0.705632716049383,4.41967971388733,-0.00174625996717692,106.9,34.7,NA,NA
Carollia_castanea,Chiroptera,Phyllostomidae,ER.15.CC,Cleary,mammal,SouthAmerica,CostaRica,-84.13441142,10.47287142,0,0,terrestrial,10.5061/dryad.nv92q,10.1111/mec.14230,12,16,0.701822916666667,4.24043906685308,-0.010777383391537,97.6,22,NA,NA
Carollia_castanea,Chiroptera,Phyllostomidae,ER.36.CC,Cleary,mammal,SouthAmerica,CostaRica,-84.32403278,10.45429568,0,0,terrestrial,10.5061/dryad.nv92q,10.1111/mec.14230,11,16,0.660123966942149,4.23951706188548,0.045505452379801,19.9,9.7,84.7,NA
Carollia_castanea,Chiroptera,Phyllostomidae,P.1.CC,Cleary,mammal,SouthAmerica,CostaRica,-84.16984127,10.54659646,0,0,terrestrial,10.5061/dryad.nv92q,10.1111/mec.14230,9,16,0.685570987654321,4.38440827962887,-0.00189123980732919,57.5,15.5,NA,NA
Carollia_castanea,Chiroptera,Phyllostomidae,ER.23.CC,Cleary,mammal,SouthAmerica,CostaRica,-84.14568385,10.42149368,0,0,terrestrial,10.5061/dryad.nv92q,10.1111/mec.14230,9,16,0.679398148148148,4.28523498560263,0.00712972802436318,NA,34.4,NA,NA
Carollia_castanea,Chiroptera,Phyllostomidae,P.3.CC,Cleary,mammal,SouthAmerica,CostaRica,-84.11642769,10.57520918,0,0,terrestrial,10.5061/dryad.nv92q,10.1111/mec.14230,11,16,0.680526859504132,4.16146624273559,0.0160042515730734,371.3,25.8,NA,NA
Carollia_castanea,Chiroptera,Phyllostomidae,BT.4.CC,Cleary,mammal,SouthAmerica,CostaRica,-84.16250041,10.66241333,0,0,terrestrial,10.5061/dryad.nv92q,10.1111/mec.14230,7,16,0.645408163265306,4.10470779220779,0.0406795500083014,NA,40.2,NA,NA
Carollia_castanea,Chiroptera,Phyllostomidae,ER.20.CC,Cleary,mammal,SouthAmerica,CostaRica,-84.09996326,10.46542213,0,0,terrestrial,10.5061/dryad.nv92q,10.1111/mec.14230,13,16,0.700073964497041,4.45449843601008,-0.00489765081739124,NA,46,NA,NA
Carollia_castanea,Chiroptera,Phyllostomidae,BT.5.CC,Cleary,mammal,SouthAmerica,CostaRica,-84.20077907,10.67352505,0,0,terrestrial,10.5061/dryad.nv92q,10.1111/mec.14230,7,16,0.711734693877551,4.61700799200799,-0.0579067412951935,148.9,13,NA,NA
Carollia_castanea,Chiroptera,Phyllostomidae,ER.27.CC,Cleary,mammal,SouthAmerica,CostaRica,-84.1536954,10.4616922,0,0,terrestrial,10.5061/dryad.nv92q,10.1111/mec.14230,21,16,0.711026077097506,4.39541349044011,-0.00529964119844117,635.5,56.6,NA,NA
Carollia_castanea,Chiroptera,Phyllostomidae,ER.1.CC,Cleary,mammal,SouthAmerica,CostaRica,-84.10801737,10.44279947,0,0,terrestrial,10.5061/dryad.nv92q,10.1111/mec.14230,22,16,0.723087935242968,4.41728129866823,-0.0212887341103809,46.3,25.2,153,NA
Carollia_castanea,Chiroptera,Phyllostomidae,P.3.CC,Cleary,mammal,SouthAmerica,CostaRica,-84.17877026,10.53256358,0,0,terrestrial,10.5061/dryad.nv92q,10.1111/mec.14230,11,16,0.680526859504132,4.16146624273559,0.0160042515730734,371.3,25.8,NA,NA
Carollia_castanea,Chiroptera,Phyllostomidae,ER.24.CC,Cleary,mammal,SouthAmerica,CostaRica,-84.15158383,10.40755002,0,0,terrestrial,10.5061/dryad.nv92q,10.1111/mec.14230,20,16,0.722949489265928,4.38702506953716,-0.0234729386184938,103.1,38.5,NA,NA
Carollia_castanea,Chiroptera,Phyllostomidae,ER.19.CC,Cleary,mammal,SouthAmerica,CostaRica,-84.12852167,10.43423721,0,0,terrestrial,10.5061/dryad.nv92q,10.1111/mec.14230,16,16,0.6790771484375,4.09272684823066,0.0324977899069082,38.2,17.9,384.7,NA
Carollia_castanea,Chiroptera,Phyllostomidae,P.D.CC,Cleary,mammal,SouthAmerica,CostaRica,-84.13380114,10.55100253,0,0,terrestrial,10.5061/dryad.nv92q,10.1111/mec.14230,26,16,0.684448964497041,4.14093340979174,0.0367948337785822,672.3,68.2,NA,NA
Carollia_castanea,Chiroptera,Phyllostomidae,P.9.CC,Cleary,mammal,SouthAmerica,CostaRica,-84.18164283,10.55646207,0,0,terrestrial,10.5061/dryad.nv92q,10.1111/mec.14230,13,16,0.683234200361604,4.1764786815576,0.0190348033599378,22.9,12.4,67.6,NA
Carollia_castanea,Chiroptera,Phyllostomidae,ER.40.CC,Cleary,mammal,SouthAmerica,CostaRica,-84.24584339,10.41098385,0,0,terrestrial,10.5061/dryad.nv92q,10.1111/mec.14230,10,16,0.68125,4.27414535928468,0.0102455228346516,105.8,21.1,NA,NA
Carollia_castanea,Chiroptera,Phyllostomidae,SV.1.CC,Cleary,mammal,SouthAmerica,CostaRica,-84.06712196,10.44590958,0,0,terrestrial,10.5061/dryad.nv92q,10.1111/mec.14230,15,16,0.705416666666667,4.35153437059359,-0.00719494675665189,61.6,26,NA,NA
Carollia_castanea,Chiroptera,Phyllostomidae,SV.2.CC,Cleary,mammal,SouthAmerica,CostaRica,-84.07116899,10.43134292,0,0,terrestrial,10.5061/dryad.nv92q,10.1111/mec.14230,20,16,0.704137162396122,4.26309540426182,0.00312678768072772,115,40,NA,NA
Eptesicus_serotinus,Chiroptera,Vespertilionidae,Moussy_UK7,Moussy,mammal,Europe,UK,-0.19,51.2,0,0,terrestrial,10.5061/dryad.665np,10.1038/hdy.2015.20,22,NA,0.601239669421488,3.67194357536179,0.0535484162782063,8,3.4,14.8,NA
Eptesicus_serotinus,Chiroptera,Vespertilionidae,Moussy_UK27,Moussy,mammal,Europe,UK,-1.21,50.71,0,0,terrestrial,10.5061/dryad.665np,10.1038/hdy.2015.20,11,NA,0.499586776859504,3.11345728574831,0.194842440141632,39.1,5.2,NA,NA
Eptesicus_serotinus,Chiroptera,Vespertilionidae,Moussy_UK21,Moussy,mammal,Europe,UK,-2.18,50.86,0,0,terrestrial,10.5061/dryad.665np,10.1038/hdy.2015.20,11,NA,0.57396694214876,3.48154863712139,0.074967865472892,28.4,5.4,NA,NA
Eptesicus_serotinus,Chiroptera,Vespertilionidae,Moussy_UK16,Moussy,mammal,Europe,UK,-2.37,51.4,0,0,terrestrial,10.5061/dryad.665np,10.1038/hdy.2015.20,48,NA,0.624696180555556,3.66301336032484,0.0288573392035664,1843.2,81.3,NA,NA
Eptesicus_serotinus,Chiroptera,Vespertilionidae,Moussy_UK13,Moussy,mammal,Europe,UK,-1.56,51.24,0,0,terrestrial,10.5061/dryad.665np,10.1038/hdy.2015.20,8,NA,0.59140625,3.6703046953047,0.0295320718241433,NA,7.1,NA,NA
Eptesicus_serotinus,Chiroptera,Vespertilionidae,Moussy_UK20,Moussy,mammal,Europe,UK,-2.31,51.01,0,0,terrestrial,10.5061/dryad.665np,10.1038/hdy.2015.20,26,NA,0.600295857988166,3.53727988450576,0.0584029952628855,66,21.2,NA,NA
Eptesicus_serotinus,Chiroptera,Vespertilionidae,Moussy_IT,Moussy,mammal,Europe,Italy,9.04,45.62,0,0,terrestrial,10.5061/dryad.665np,10.1038/hdy.2015.20,12,NA,0.597222222222222,3.77925992323287,0.041292954762809,8,2.7,31.9,NA
Eptesicus_serotinus,Chiroptera,Vespertilionidae,Moussy_UK2,Moussy,mammal,Europe,UK,-0.03,51.04,0,0,terrestrial,10.5061/dryad.665np,10.1038/hdy.2015.20,14,NA,0.592091836734694,3.37115661607652,0.0553957512754343,13.2,4,136.3,NA
Eptesicus_serotinus,Chiroptera,Vespertilionidae,Moussy_PL2,Moussy,mammal,Europe,Poland,20.5,52.15,0,0,terrestrial,10.5061/dryad.665np,10.1038/hdy.2015.20,15,NA,0.618888888888889,3.88192548414437,0.0150765070943339,42.8,10.4,NA,NA
Eptesicus_serotinus,Chiroptera,Vespertilionidae,Moussy_UK28,Moussy,mammal,Europe,UK,-1.29,50.69,0,0,terrestrial,10.5061/dryad.665np,10.1038/hdy.2015.20,12,NA,0.525,3.20581719061663,0.157229620698469,NA,11.2,NA,NA
Eptesicus_serotinus,Chiroptera,Vespertilionidae,Moussy_UK10,Moussy,mammal,Europe,UK,0.44,52.3,0,0,terrestrial,10.5061/dryad.665np,10.1038/hdy.2015.20,11,NA,0.520247933884298,3.16781129087631,0.161543947178093,27.6,4.4,NA,NA
Eptesicus_serotinus,Chiroptera,Vespertilionidae,Moussy_UK26,Moussy,mammal,Europe,UK,-1.19,50.67,0,0,terrestrial,10.5061/dryad.665np,10.1038/hdy.2015.20,7,NA,0.522448979591837,3.36563436563437,0.134444096750844,42.8,2.6,NA,NA
Eptesicus_serotinus,Chiroptera,Vespertilionidae,Moussy_UK14,Moussy,mammal,Europe,UK,-2.05,51.47,0,0,terrestrial,10.5061/dryad.665np,10.1038/hdy.2015.20,14,NA,0.565816326530612,3.32380395348359,0.0973148540839781,73.6,11.5,NA,NA
Eptesicus_serotinus,Chiroptera,Vespertilionidae,Moussy_UK23,Moussy,mammal,Europe,UK,-2.73,50.76,0,0,terrestrial,10.5061/dryad.665np,10.1038/hdy.2015.20,31,NA,0.624609781477627,3.55576902971064,0.0233539687540724,74.8,26.5,NA,NA
Eptesicus_serotinus,Chiroptera,Vespertilionidae,Moussy_UK11,Moussy,mammal,Europe,UK,-0.81,50.84,0,0,terrestrial,10.5061/dryad.665np,10.1038/hdy.2015.20,7,NA,0.521428571428571,3.4976023976024,0.136134635624377,11.6,1.9,NA,NA
Eptesicus_serotinus,Chiroptera,Vespertilionidae,Moussy_CH,Moussy,mammal,Europe,Switzerland,6.52,46.79,0,0,terrestrial,10.5061/dryad.665np,10.1038/hdy.2015.20,9,NA,0.644444444444444,4.0701060377531,-0.0497251970011596,NA,13.4,NA,NA
Eptesicus_serotinus,Chiroptera,Vespertilionidae,Moussy_UK3,Moussy,mammal,Europe,UK,-0.06,50.91,0,0,terrestrial,10.5061/dryad.665np,10.1038/hdy.2015.20,5,NA,0.538,3.5,0.0803844203282944,5.6,1.3,NA,NA
Eptesicus_serotinus,Chiroptera,Vespertilionidae,Moussy_UK12,Moussy,mammal,Europe,UK,-0.99,50.86,0,0,terrestrial,10.5061/dryad.665np,10.1038/hdy.2015.20,26,NA,0.573742603550296,3.46719174995675,0.100053232411804,54.4,18.8,NA,NA
Eptesicus_serotinus,Chiroptera,Vespertilionidae,Moussy_UK8,Moussy,mammal,Europe,UK,-0.4,51.37,0,0,terrestrial,10.5061/dryad.665np,10.1038/hdy.2015.20,23,NA,0.59007561436673,3.46959289494312,0.0720607622611189,28.2,12,264.4,NA
Eptesicus_serotinus,Chiroptera,Vespertilionidae,Moussy_UK19,Moussy,mammal,Europe,UK,-2.61,51.23,0,0,terrestrial,10.5061/dryad.665np,10.1038/hdy.2015.20,43,NA,0.650946457544619,3.70959348277372,-0.0131910562234128,77.7,34.3,1537.7,NA
Eptesicus_serotinus,Chiroptera,Vespertilionidae,Moussy_UK9,Moussy,mammal,Europe,UK,-0.22,52.13,0,0,terrestrial,10.5061/dryad.665np,10.1038/hdy.2015.20,11,NA,0.482644628099174,2.96284659612833,0.222147204371734,15.3,2.8,NA,NA
Eptesicus_serotinus,Chiroptera,Vespertilionidae,Moussy_PL1,Moussy,mammal,Europe,Poland,18.12,50.2,0,0,terrestrial,10.5061/dryad.665np,10.1038/hdy.2015.20,20,NA,0.618,3.76190207113195,0.0248971777458725,46.8,15.1,NA,NA
Eptesicus_serotinus,Chiroptera,Vespertilionidae,Moussy_UK22,Moussy,mammal,Europe,UK,-2.74,50.73,0,0,terrestrial,10.5061/dryad.665np,10.1038/hdy.2015.20,25,NA,0.59016,3.63262377512115,0.0735750370815028,162.9,27.1,NA,NA
Eptesicus_serotinus,Chiroptera,Vespertilionidae,Moussy_PL3,Moussy,mammal,Europe,Poland,23.13,53.4,0,0,terrestrial,10.5061/dryad.665np,10.1038/hdy.2015.20,12,NA,0.661458333333333,4.10995953613399,-0.0618237913818891,78.1,9.4,NA,NA
Eptesicus_serotinus,Chiroptera,Vespertilionidae,Moussy_UK25,Moussy,mammal,Europe,UK,-1.15,50.67,0,0,terrestrial,10.5061/dryad.665np,10.1038/hdy.2015.20,13,NA,0.523076923076923,3.18870391689344,0.163115636045972,21.2,6.3,NA,NA
Eptesicus_serotinus,Chiroptera,Vespertilionidae,Moussy_UK15,Moussy,mammal,Europe,UK,-2.35,51.42,0,0,terrestrial,10.5061/dryad.665np,10.1038/hdy.2015.20,39,NA,0.604733727810651,3.59206687290399,0.0576014206811389,403.3,54.3,NA,NA
Eptesicus_serotinus,Chiroptera,Vespertilionidae,Moussy_UK1,Moussy,mammal,Europe,UK,0.98,51.21,0,0,terrestrial,10.5061/dryad.665np,10.1038/hdy.2015.20,57,NA,0.600092336103417,3.64310192304742,0.0686540245388181,86.7,42.7,419.4,NA
Eptesicus_serotinus,Chiroptera,Vespertilionidae,Moussy_UK4,Moussy,mammal,Europe,UK,-0.13,50.85,0,0,terrestrial,10.5061/dryad.665np,10.1038/hdy.2015.20,68,NA,0.634180363321799,3.75060268724566,0.0171562407579661,42.3,27.7,71.8,NA
Eptesicus_serotinus,Chiroptera,Vespertilionidae,Moussy_UK6,Moussy,mammal,Europe,UK,-0.45,50.95,0,0,terrestrial,10.5061/dryad.665np,10.1038/hdy.2015.20,16,NA,0.5765625,3.42692929744805,0.0844095994454569,16.4,5.5,641.1,NA
Eptesicus_serotinus,Chiroptera,Vespertilionidae,Moussy_FR,Moussy,mammal,Europe,France,2.4,47.1,0,0,terrestrial,10.5061/dryad.665np,10.1038/hdy.2015.20,19,NA,0.614404432132964,3.94566497256862,0.0292603551742353,NA,48.4,NA,NA
Eptesicus_serotinus,Chiroptera,Vespertilionidae,Moussy_UK5,Moussy,mammal,Europe,UK,-0.18,50.94,0,0,terrestrial,10.5061/dryad.665np,10.1038/hdy.2015.20,8,NA,0.6328125,3.82814685314685,-0.0384135030679575,NA,6.3,NA,NA
Eptesicus_serotinus,Chiroptera,Vespertilionidae,Moussy_UK24,Moussy,mammal,Europe,UK,-2.9,50.92,0,0,terrestrial,10.5061/dryad.665np,10.1038/hdy.2015.20,15,NA,0.577777777777778,3.32460347581787,0.0805023046482112,24.6,8.3,NA,NA
Eptesicus_serotinus,Chiroptera,Vespertilionidae,Moussy_UK17,Moussy,mammal,Europe,UK,-2.86,51.32,0,0,terrestrial,10.5061/dryad.665np,10.1038/hdy.2015.20,21,NA,0.632426303854875,3.63267398484494,0.00335174085033463,42.1,14.6,NA,NA
Eptesicus_serotinus,Chiroptera,Vespertilionidae,Moussy_GG,Moussy,mammal,Asia,Georgia,45.11,41.45,0,0,terrestrial,10.5061/dryad.665np,10.1038/hdy.2015.20,15,NA,0.622222222222222,4.23508867943651,0.00977171269807364,26,5.5,NA,NA
Lasionycteris_noctivagans,Chiroptera,Vespertilionidae,Baerwald_Alberta_Lano,Baerwald,mammal,NorthAmerica,Canada_USA,-113.79666,49.58444,0,0,terrestrial,10.5061/dryad.4d3n1,10.1093/jmammal/gyv135,87,18,0.8256,5.472118,NA,350,190.1,1482.1,NA
Lasiurus_cinereus,Chiroptera,Vespertilionidae,Baerwald_Alberta_Laci,Baerwald,mammal,NorthAmerica,Canada_USA,-113.79666,49.58444,0,0,terrestrial,10.5061/dryad.4d3n1,10.1093/jmammal/gyv135,132,19,0.879602,6.514026,NA,1495.5,405.1,NA,NA
Miniopterus_schreibersii,Chiroptera,Vespertilionidae,Witsenburg_Es5,Witsenburg,mammal,Europe,Spain,2.997,41.888,0,0,terrestrial,10.5061/dryad.2m1p0,10.1111/mec.13071,16,NA,0.426930183531746,2.8076130850001,0.0351884387510428,26,8.9,NA,NA
Miniopterus_schreibersii,Chiroptera,Vespertilionidae,Witsenburg_Sk2,Witsenburg,mammal,Europe,Slovakia,20.185,48.614,0,0,terrestrial,10.5061/dryad.2m1p0,10.1111/mec.13071,15,NA,0.418571428571428,2.72650832425945,0.0537743525376009,NA,35.8,NA,NA
Miniopterus_schreibersii,Chiroptera,Vespertilionidae,Witsenburg_Es3,Witsenburg,mammal,Europe,Spain,2.932,41.956,0,0,terrestrial,10.5061/dryad.2m1p0,10.1111/mec.13071,15,NA,0.406256073858115,2.73731036154186,0.0806493229979687,18.7,6.4,NA,NA
Miniopterus_schreibersii,Chiroptera,Vespertilionidae,Witsenburg_Es4,Witsenburg,mammal,Europe,Spain,2.401,41.953,0,0,terrestrial,10.5061/dryad.2m1p0,10.1111/mec.13071,15,NA,0.417301587301587,2.61885388355725,0.0566449650441232,28.9,9.4,NA,NA
Miniopterus_schreibersii,Chiroptera,Vespertilionidae,Witsenburg_Fr1,Witsenburg,mammal,Europe,France,-0.747,44.887,0,0,terrestrial,10.5061/dryad.2m1p0,10.1111/mec.13071,15,NA,0.372260880339112,2.56138631776768,0.154410461839988,15.7,4.4,NA,NA
Miniopterus_schreibersii,Chiroptera,Vespertilionidae,Witsenburg_Es1,Witsenburg,mammal,Europe,Spain,0.842,41.086,0,0,terrestrial,10.5061/dryad.2m1p0,10.1111/mec.13071,15,NA,0.432222222222222,2.8461259356526,0.0229152680924868,14.7,6.4,59.5,NA
Miniopterus_schreibersii,Chiroptera,Vespertilionidae,Witsenburg_Es2,Witsenburg,mammal,Europe,Spain,2.102,41.442,0,0,terrestrial,10.5061/dryad.2m1p0,10.1111/mec.13071,15,NA,0.41015873015873,2.70608314367149,0.072792160393311,12.8,5.4,45.6,NA
Miniopterus_schreibersii,Chiroptera,Vespertilionidae,Witsenburg_Ch1,Witsenburg,mammal,Europe,Switzerland,6.512,46.789,0,0,terrestrial,10.5061/dryad.2m1p0,10.1111/mec.13071,17,NA,0.413016025105576,2.66474031264988,0.0679933296654039,NA,23.4,NA,NA
Miniopterus_schreibersii,Chiroptera,Vespertilionidae,Witsenburg_Sk1,Witsenburg,mammal,Europe,Slovakia,20.157,48.519,0,0,terrestrial,10.5061/dryad.2m1p0,10.1111/mec.13071,15,NA,0.422260495914342,2.83443416151356,0.0439389044362407,231.8,16,NA,NA
Miniopterus_schreibersii,Chiroptera,Vespertilionidae,Witsenburg_Sk3,Witsenburg,mammal,Europe,Slovakia,20.952,48.624,0,0,terrestrial,10.5061/dryad.2m1p0,10.1111/mec.13071,15,NA,0.40784548871676,2.75470866407606,0.0760388616934228,NA,19.6,NA,NA
Miniopterus_schreibersii,Chiroptera,Vespertilionidae,Witsenburg_It2,Witsenburg,mammal,Europe,Italy,11.73,44.276,0,0,terrestrial,10.5061/dryad.2m1p0,10.1111/mec.13071,15,NA,0.454285714285714,2.91470776433295,-0.0269616242083375,20.3,7.9,490.7,NA
Miniopterus_schreibersii,Chiroptera,Vespertilionidae,Witsenburg_Si1,Witsenburg,mammal,Europe,Italy,15.117,36.741,0,0,terrestrial,10.5061/dryad.2m1p0,10.1111/mec.13071,16,NA,0.390459386135407,2.52342817155863,0.11833594175239,15.9,5.1,1893.3,NA
Miniopterus_schreibersii,Chiroptera,Vespertilionidae,Witsenburg_Pt2,Witsenburg,mammal,Europe,Portugal,-7.653,37.362,0,0,terrestrial,10.5061/dryad.2m1p0,10.1111/mec.13071,11,NA,0.426505312868949,2.70010142444906,0.0235956405372143,5.8,2.2,21.5,NA
Miniopterus_schreibersii,Chiroptera,Vespertilionidae,Witsenburg_It3,Witsenburg,mammal,Europe,Italy,12.449,43.934,0,0,terrestrial,10.5061/dryad.2m1p0,10.1111/mec.13071,15,NA,0.386349206349206,2.7806863444259,0.126616144890603,19.6,8.1,178.2,NA
Miniopterus_schreibersii,Chiroptera,Vespertilionidae,Witsenburg_Pt3,Witsenburg,mammal,Europe,Portugal,-8.676,37.8,0,0,terrestrial,10.5061/dryad.2m1p0,10.1111/mec.13071,15,NA,0.445555555555556,2.88412287125074,-0.0072261632259969,NA,26.7,NA,NA
Miniopterus_schreibersii,Chiroptera,Vespertilionidae,Witsenburg_Hr1,Witsenburg,mammal,Europe,Croatia,15.659,44.122,0,0,terrestrial,10.5061/dryad.2m1p0,10.1111/mec.13071,6,NA,0.371984126984127,2.57792207792208,0.112654529517972,3.4,1.2,NA,NA
Miniopterus_schreibersii,Chiroptera,Vespertilionidae,Witsenburg_Hr3,Witsenburg,mammal,Europe,Croatia,16.157,43.858,0,0,terrestrial,10.5061/dryad.2m1p0,10.1111/mec.13071,15,NA,0.422539682539682,3.02322038400428,0.044803688454719,13.3,5.8,46.5,NA
Miniopterus_schreibersii,Chiroptera,Vespertilionidae,Witsenburg_It1,Witsenburg,mammal,Europe,Italy,10.781,43.895,0,0,terrestrial,10.5061/dryad.2m1p0,10.1111/mec.13071,15,NA,0.400182342909616,2.75456673665779,0.0937858443898739,NA,19.9,NA,NA
Miniopterus_schreibersii,Chiroptera,Vespertilionidae,Witsenburg_Pt4,Witsenburg,mammal,Europe,Portugal,-8.45,39.73,0,0,terrestrial,10.5061/dryad.2m1p0,10.1111/mec.13071,15,NA,0.369206349206349,2.54334616622044,0.165369413728654,13.5,4.8,83.8,NA
Miniopterus_schreibersii,Chiroptera,Vespertilionidae,Witsenburg_Pt1,Witsenburg,mammal,Europe,Portugal,-8.166,37.232,0,0,terrestrial,10.5061/dryad.2m1p0,10.1111/mec.13071,11,NA,0.446280991735537,2.86501181260138,-0.0216770875486034,14.9,4.3,NA,NA
Miniopterus_schreibersii,Chiroptera,Vespertilionidae,Witsenburg_Hr4,Witsenburg,mammal,Europe,Croatia,16.651,43.787,0,0,terrestrial,10.5061/dryad.2m1p0,10.1111/mec.13071,10,NA,0.427742504409171,2.89590492067272,0.0134409877803904,76.7,8.6,NA,NA
Miniopterus_schreibersii,Chiroptera,Vespertilionidae,Witsenburg_Hr2,Witsenburg,mammal,Europe,Croatia,16.37,44.001,0,0,terrestrial,10.5061/dryad.2m1p0,10.1111/mec.13071,15,NA,0.43952380952381,2.94416968529198,0.00640924617998373,110.1,15.6,NA,NA
Myotis_blythii,Chiroptera,Vespertilionidae,Afonso_LeBourg_blythii,Afonso,mammal,Europe,France,6.03,45.06,0,0,terrestrial,10.5061/dryad.g53d0,10.1371/journal.pone.0170534,12,NA,0.719381313131313,4.89765426756212,NA,11.7,5.5,33.3,NA
Myotis_daubentonii,Chiroptera,Vespertilionidae,Vesterinen_Lieto,Vesterinen,mammal,Europe,Finland,22.455278,60.559167,0,0,terrestrial,10.5061/dryad.343nd,10.1111/mec.13564,106,NA,0.731880321294723,4.5561403800516,NA,55.5,39,84.5,NA
Myotis_escalerai,Chiroptera,Vespertilionidae,Razgour_Amarela,Razgour,mammal,Europe,Portugal,-7.228524129,38.21312107,0,0,terrestrial,10.5061/dryad.v1v47,10.1111/mec.13379,20,NA,0.792874228395062,5.2125872687722,0.0566341978314445,3.8,1.8,14.8,NA
Myotis_escalerai,Chiroptera,Vespertilionidae,Razgour_Entrimio,Razgour,mammal,Europe,Spain,-8.123736839,41.94107157,0,0,terrestrial,10.5061/dryad.v1v47,10.1111/mec.13379,32,NA,0.814201931423611,5.50002345742126,0.0395448651804717,21.6,7.7,316.4,NA
Myotis_escalerai,Chiroptera,Vespertilionidae,Razgour_Girona,Razgour,mammal,Europe,Spain,2.821264439,41.98085091,0,0,terrestrial,10.5061/dryad.v1v47,10.1111/mec.13379,16,NA,0.69921875,4.25669187738637,0.163324442383879,NA,NA,NA,NA
Myotis_escalerai,Chiroptera,Vespertilionidae,Razgour_Segovia,Razgour,mammal,Europe,Spain,-4.108168006,40.94293451,0,0,terrestrial,10.5061/dryad.v1v47,10.1111/mec.13379,32,NA,0.848926866319444,6.06838998840601,3.13770860373985e-05,57,15.6,NA,NA
Myotis_escalerai,Chiroptera,Vespertilionidae,Razgour_La_Rioja,Razgour,mammal,Europe,Spain,-2.502504401,42.74921051,0,0,terrestrial,10.5061/dryad.v1v47,10.1111/mec.13379,34,NA,0.833477508650519,5.6522899270469,0.0194184296660466,17.5,7.2,53.8,NA
Myotis_escalerai,Chiroptera,Vespertilionidae,Razgour_Huelva,Razgour,mammal,Europe,Spain,-6.944926177,37.26294311,0,0,terrestrial,10.5061/dryad.v1v47,10.1111/mec.13379,30,NA,0.825416666666667,5.48440092340908,0.0269655777149213,34.5,9.6,NA,NA
Myotis_escalerai,Chiroptera,Vespertilionidae,Razgour_Caceres,Razgour,mammal,Europe,Spain,-6.370109544,39.50122572,0,0,terrestrial,10.5061/dryad.v1v47,10.1111/mec.13379,34,NA,0.832028215698044,5.8506209977842,0.0204416104505708,15,4,59,NA
Myotis_escalerai,Chiroptera,Vespertilionidae,Razgour_Alacant,Razgour,mammal,Europe,Spain,-0.490205882,38.34585446,0,0,terrestrial,10.5061/dryad.v1v47,10.1111/mec.13379,36,NA,0.846257716049383,5.90931614512816,0.0052074574525528,NA,41.2,NA,NA
Myotis_escalerai,Chiroptera,Vespertilionidae,Razgour_Ourense,Razgour,mammal,Europe,Spain,-7.863771576,42.33677514,0,0,terrestrial,10.5061/dryad.v1v47,10.1111/mec.13379,28,NA,0.813616071428571,5.56773215829468,0.03971402099712,13.8,4.5,59.6,NA
Myotis_escalerai,Chiroptera,Vespertilionidae,Razgour_Valencia,Razgour,mammal,Europe,Spain,-0.377313755,39.47716677,0,0,terrestrial,10.5061/dryad.v1v47,10.1111/mec.13379,38,NA,0.845643008269247,5.95557119021927,0.00610481671516938,21.9,7,177,NA
Myotis_escalerai,Chiroptera,Vespertilionidae,Razgour_Sevilla,Razgour,mammal,Europe,Spain,-5.986303087,37.39499131,0,0,terrestrial,10.5061/dryad.v1v47,10.1111/mec.13379,32,NA,0.82265943877551,5.5464345868577,0.0304307954730549,470.4,14.6,NA,NA
Myotis_escalerai,Chiroptera,Vespertilionidae,Razgour_Granada,Razgour,mammal,Europe,Spain,-3.60011637,37.2028115,0,0,terrestrial,10.5061/dryad.v1v47,10.1111/mec.13379,36,NA,0.838085033275463,5.91450009861465,0.0143770319771168,80.2,13.3,NA,NA
Myotis_escalerai,Chiroptera,Vespertilionidae,Razgour_Cadiz,Razgour,mammal,Europe,Spain,-6.283575919,36.9566132,0,0,terrestrial,10.5061/dryad.v1v47,10.1111/mec.13379,22,NA,0.835485537190083,5.72526363794985,0.00898805561159999,257.5,12.1,NA,NA
Myotis_escalerai,Chiroptera,Vespertilionidae,Razgour_Preguica,Razgour,mammal,Europe,Portugal,-7.654649941,37.42553653,0,0,terrestrial,10.5061/dryad.v1v47,10.1111/mec.13379,28,NA,0.78874362244898,5.18855387675868,0.0690702061283073,NA,35.5,NA,NA
Myotis_escalerai,Chiroptera,Vespertilionidae,Razgour_Illes_Balears,Razgour,mammal,Europe,Spain,2.777773216,39.39381429,0,1,terrestrial,10.5061/dryad.v1v47,10.1111/mec.13379,24,NA,0.783854166666667,5.27698469331284,0.0720290469373563,NA,12.4,NA,NA
Myotis_lucifugus,Chiroptera,Vespertilionidae,BAT002183,Burns,mammal,NorthAmerica,Canada_USA,-62.172956,45.279792,0,0,terrestrial,10.5061/dryad.hs37s,10.1002/ece3.1266,70,9,0.778651,5.182201,0.022144,NA,148.5,NA,NA
Myotis_lucifugus,Chiroptera,Vespertilionidae,Johnson_5,Johnson,mammal,NorthAmerica,Canada_USA,-63.44285,44.99882,0,0,terrestrial,10.5061/dryad.47nm0,10.1371/journal.pone.0133457,26,8,0.820388,5.929539,0.005003,NA,73.3,NA,NA
Myotis_lucifugus,Chiroptera,Vespertilionidae,Johnson_26,Johnson,mammal,NorthAmerica,Canada_USA,-65.03247,45.00883,0,0,terrestrial,10.5061/dryad.47nm0,10.1371/journal.pone.0133457,70,8,0.829394,5.849883,0.007408,NA,NA,NA,NA
Myotis_lucifugus,Chiroptera,Vespertilionidae,Davy_12,Davy,mammal,NorthAmerica,Canada_USA,-114.495734,50.330795,0,0,terrestrial,10.5061/dryad.h7n25,10.1139/facets-2017-0022,61,11,0.889629,7.03283,0.007152,465.8,70.2,NA,NA
Myotis_lucifugus,Chiroptera,Vespertilionidae,Johnson_20,Johnson,mammal,NorthAmerica,Canada_USA,-64.33528,44.80611,0,0,terrestrial,10.5061/dryad.47nm0,10.1371/journal.pone.0133457,14,8,0.819205,5.956376,-0.017183,NA,14.2,NA,NA
Myotis_lucifugus,Chiroptera,Vespertilionidae,Johnson_25,Johnson,mammal,NorthAmerica,Canada_USA,-63.38333,45.66666,0,0,terrestrial,10.5061/dryad.47nm0,10.1371/journal.pone.0133457,84,8,0.835271,6.008329,0.001065,784.8,85.6,NA,NA
Myotis_lucifugus,Chiroptera,Vespertilionidae,Davy_14,Davy,mammal,NorthAmerica,Canada_USA,-113.824645,48.288631,0,0,terrestrial,10.5061/dryad.h7n25,10.1139/facets-2017-0022,39,11,0.883618,7.055832,0.009492,NA,66.7,NA,NA
Myotis_lucifugus,Chiroptera,Vespertilionidae,Davy_13,Davy,mammal,NorthAmerica,Canada_USA,-113.976325,48.756624,0,0,terrestrial,10.5061/dryad.h7n25,10.1139/facets-2017-0022,25,11,0.872502,6.972614,0.013881,52,17.7,NA,NA
Myotis_lucifugus,Chiroptera,Vespertilionidae,Davy_20,Davy,mammal,NorthAmerica,Canada_USA,-77.189839,45.262168,0,0,terrestrial,10.5061/dryad.h7n25,10.1139/facets-2017-0022,112,11,0.901938,7.26532,-0.00293,284,84.8,NA,NA
Myotis_lucifugus,Chiroptera,Vespertilionidae,Johnson_7,Johnson,mammal,NorthAmerica,Canada_USA,-70.91329,45.76799,0,0,terrestrial,10.5061/dryad.47nm0,10.1371/journal.pone.0133457,61,8,0.840205,6.001815,-0.006868,368.7,66.9,NA,NA
Myotis_lucifugus,Chiroptera,Vespertilionidae,Johnson_8,Johnson,mammal,NorthAmerica,Canada_USA,-63.17977,45.57913,0,0,terrestrial,10.5061/dryad.47nm0,10.1371/journal.pone.0133457,18,8,0.826656,6.094233,-0.013381,493.1,22.5,NA,NA
Myotis_lucifugus,Chiroptera,Vespertilionidae,Johnson_24,Johnson,mammal,NorthAmerica,Canada_USA,-63.54868,45.00692,0,0,terrestrial,10.5061/dryad.47nm0,10.1371/journal.pone.0133457,19,8,0.792607,5.756792,0.02405,NA,52.6,NA,NA
Myotis_lucifugus,Chiroptera,Vespertilionidae,Johnson_9,Johnson,mammal,NorthAmerica,Canada_USA,-62.11658,45.25271,0,0,terrestrial,10.5061/dryad.47nm0,10.1371/journal.pone.0133457,71,8,0.81981,5.903397,0.018971,NA,110.2,NA,NA
Myotis_lucifugus,Chiroptera,Vespertilionidae,Davy_4,Davy,mammal,NorthAmerica,Canada_USA,-134.250529,62.260761,0,0,terrestrial,10.5061/dryad.h7n25,10.1139/facets-2017-0022,33,11,0.852851,6.253371,0.041585,49.2,25.6,170,NA
Myotis_lucifugus,Chiroptera,Vespertilionidae,BAT001255,Burns,mammal,NorthAmerica,Canada_USA,-63.64657,45.513448,0,0,terrestrial,10.5061/dryad.hs37s,10.1002/ece3.1266,54,9,0.80038,5.356455,-0.007598,NA,146.9,NA,NA
Myotis_lucifugus,Chiroptera,Vespertilionidae,Davy_3,Davy,mammal,NorthAmerica,Canada_USA,-136.27864,60.286276,0,0,terrestrial,10.5061/dryad.h7n25,10.1139/facets-2017-0022,51,11,0.86698,6.54158,0.031157,2306.4,88.9,NA,NA
Myotis_lucifugus,Chiroptera,Vespertilionidae,BAT002131,Burns,mammal,NorthAmerica,Canada_USA,-64.169465,45.187734,0,0,terrestrial,10.5061/dryad.hs37s,10.1002/ece3.1266,60,9,0.790759,5.228445,0.005535,NA,NA,NA,NA
Myotis_lucifugus,Chiroptera,Vespertilionidae,Davy_5,Davy,mammal,NorthAmerica,Canada_USA,-133.624543,60.27317,0,0,terrestrial,10.5061/dryad.h7n25,10.1139/facets-2017-0022,85,11,0.869238,6.588835,0.032334,319,102.4,NA,NA
Myotis_lucifugus,Chiroptera,Vespertilionidae,BAT003346,Burns,mammal,NorthAmerica,Canada_USA,-74.369907,45.572543,0,0,terrestrial,10.5061/dryad.hs37s,10.1002/ece3.1266,14,9,0.765824,5.355404,0.006217,NA,62.5,NA,NA
Myotis_lucifugus,Chiroptera,Vespertilionidae,Johnson_22,Johnson,mammal,NorthAmerica,Canada_USA,-63.71282,45.12785,0,0,terrestrial,10.5061/dryad.47nm0,10.1371/journal.pone.0133457,33,8,0.817641,5.936704,0.012042,122.4,26.5,NA,NA
Myotis_lucifugus,Chiroptera,Vespertilionidae,Davy_16,Davy,mammal,NorthAmerica,Canada_USA,-111.317837,51.156072,0,0,terrestrial,10.5061/dryad.h7n25,10.1139/facets-2017-0022,150,11,0.904927,7.289613,-0.004782,NA,447.1,NA,NA
Myotis_lucifugus,Chiroptera,Vespertilionidae,BAT002093,Burns,mammal,NorthAmerica,Canada_USA,-63.46831,45.028374,0,0,terrestrial,10.5061/dryad.hs37s,10.1002/ece3.1266,25,9,0.783776,5.228037,0.002132,NA,69.7,NA,NA
Myotis_lucifugus,Chiroptera,Vespertilionidae,Davy_17,Davy,mammal,NorthAmerica,Canada_USA,-98.525033,52.530971,0,0,terrestrial,10.5061/dryad.h7n25,10.1139/facets-2017-0022,59,11,0.887442,7.094697,0.009618,NA,341,NA,NA
Myotis_lucifugus,Chiroptera,Vespertilionidae,Davy_8,Davy,mammal,NorthAmerica,Canada_USA,-127.890111,54.967369,0,0,terrestrial,10.5061/dryad.h7n25,10.1139/facets-2017-0022,24,11,0.856993,6.595941,0.030725,78.8,22.9,NA,NA
Myotis_lucifugus,Chiroptera,Vespertilionidae,Davy_22,Davy,mammal,NorthAmerica,Canada_USA,-72.611599,48.56803,0,0,terrestrial,10.5061/dryad.h7n25,10.1139/facets-2017-0022,29,11,0.870337,6.934926,0.019722,139.5,28.1,NA,NA
Myotis_lucifugus,Chiroptera,Vespertilionidae,Davy_9,Davy,mammal,NorthAmerica,Canada_USA,-120.698378,50.195221,0,0,terrestrial,10.5061/dryad.h7n25,10.1139/facets-2017-0022,52,11,0.884662,7.080951,0.011065,65.7,27.5,1211.4,NA
Myotis_lucifugus,Chiroptera,Vespertilionidae,Johnson_16,Johnson,mammal,NorthAmerica,Canada_USA,-63.81196,45.26536,0,0,terrestrial,10.5061/dryad.47nm0,10.1371/journal.pone.0133457,15,8,0.815906,5.927898,-0.004313,96.6,14.3,NA,NA
Myotis_lucifugus,Chiroptera,Vespertilionidae,Johnson_18,Johnson,mammal,NorthAmerica,Canada_USA,-63.37832,44.70531,0,0,terrestrial,10.5061/dryad.47nm0,10.1371/journal.pone.0133457,27,8,0.817475,6.797286,0.001578,NA,123.4,NA,NA
Myotis_lucifugus,Chiroptera,Vespertilionidae,Davy_10,Davy,mammal,NorthAmerica,Canada_USA,-115.769479,49.733914,0,0,terrestrial,10.5061/dryad.h7n25,10.1139/facets-2017-0022,27,11,0.883384,7.100909,0.000728,28.1,11.7,414.9,NA
Myotis_lucifugus,Chiroptera,Vespertilionidae,Johnson_13,Johnson,mammal,NorthAmerica,Canada_USA,-63.65522,45.48071,0,0,terrestrial,10.5061/dryad.47nm0,10.1371/journal.pone.0133457,59,8,0.840206,6.057333,-0.007689,NA,104.7,NA,NA
Myotis_lucifugus,Chiroptera,Vespertilionidae,BAT000979,Burns,mammal,NorthAmerica,Canada_USA,-73.236175,45.13159,0,0,terrestrial,10.5061/dryad.hs37s,10.1002/ece3.1266,26,9,0.788302,5.173845,-0.003212,NA,37,NA,NA
Myotis_lucifugus,Chiroptera,Vespertilionidae,Davy_6,Davy,mammal,NorthAmerica,Canada_USA,-128.610727,60.100792,0,0,terrestrial,10.5061/dryad.h7n25,10.1139/facets-2017-0022,18,11,0.821785,6.191881,0.057392,256.9,20.8,NA,NA
Myotis_lucifugus,Chiroptera,Vespertilionidae,BAT001375,Burns,mammal,NorthAmerica,Canada_USA,-63.858996,45.09385,0,0,terrestrial,10.5061/dryad.hs37s,10.1002/ece3.1266,88,9,0.783817,5.103927,0.017212,3508.3,163.5,NA,NA
Myotis_lucifugus,Chiroptera,Vespertilionidae,Johnson_1,Johnson,mammal,NorthAmerica,Canada_USA,-65.50665,44.74146,0,0,terrestrial,10.5061/dryad.47nm0,10.1371/journal.pone.0133457,28,8,0.814978,5.740911,0.013092,NA,54.5,NA,NA
Myotis_lucifugus,Chiroptera,Vespertilionidae,Davy_2,Davy,mammal,NorthAmerica,Canada_USA,-138.851477,59.51266,0,0,terrestrial,10.5061/dryad.h7n25,10.1139/facets-2017-0022,29,11,0.850272,6.260817,0.041916,NA,213.6,NA,NA
Myotis_lucifugus,Chiroptera,Vespertilionidae,Davy_18,Davy,mammal,NorthAmerica,Canada_USA,-93.837171,50.033123,0,0,terrestrial,10.5061/dryad.h7n25,10.1139/facets-2017-0022,27,11,0.892321,7.253272,-0.006109,NA,44.8,NA,NA
Myotis_lucifugus,Chiroptera,Vespertilionidae,Johnson_3,Johnson,mammal,NorthAmerica,Canada_USA,-64.87149,45.87527,0,0,terrestrial,10.5061/dryad.47nm0,10.1371/journal.pone.0133457,41,8,0.846219,6.171575,-0.018375,NA,61.3,NA,NA
Myotis_lucifugus,Chiroptera,Vespertilionidae,Johnson_11,Johnson,mammal,NorthAmerica,Canada_USA,-66.06787,45.30209,0,0,terrestrial,10.5061/dryad.47nm0,10.1371/journal.pone.0133457,11,8,0.784695,5.624308,0.020383,49.3,7.9,NA,NA
Myotis_lucifugus,Chiroptera,Vespertilionidae,Davy_21,Davy,mammal,NorthAmerica,Canada_USA,-80.599741,48.175034,0,0,terrestrial,10.5061/dryad.h7n25,10.1139/facets-2017-0022,22,11,0.876707,6.945275,0.00642,NA,39,NA,NA
Myotis_lucifugus,Chiroptera,Vespertilionidae,Johnson_23,Johnson,mammal,NorthAmerica,Canada_USA,-63.83984,45.05574,0,0,terrestrial,10.5061/dryad.47nm0,10.1371/journal.pone.0133457,167,8,0.838189,5.964689,0.001434,420.2,155.3,NA,NA
Myotis_lucifugus,Chiroptera,Vespertilionidae,BAT001354,Burns,mammal,NorthAmerica,Canada_USA,-63.539614,45.279792,0,0,terrestrial,10.5061/dryad.hs37s,10.1002/ece3.1266,126,9,0.810183,5.35541,-0.014078,680.7,178.3,NA,NA
Myotis_lucifugus,Chiroptera,Vespertilionidae,Davy_19,Davy,mammal,NorthAmerica,Canada_USA,-81.40213,44.852644,0,0,terrestrial,10.5061/dryad.h7n25,10.1139/facets-2017-0022,162,11,0.894891,7.143421,0.006534,1015.6,179.1,NA,NA
Myotis_lucifugus,Chiroptera,Vespertilionidae,Johnson_15,Johnson,mammal,NorthAmerica,Canada_USA,-64.65433,44.14763,0,0,terrestrial,10.5061/dryad.47nm0,10.1371/journal.pone.0133457,69,8,0.826562,6.071248,0.007078,1034.4,66.9,NA,NA
Myotis_lucifugus,Chiroptera,Vespertilionidae,BAT002226,Burns,mammal,NorthAmerica,Canada_USA,-63.040487,44.876991,0,0,terrestrial,10.5061/dryad.hs37s,10.1002/ece3.1266,47,9,0.786434,5.162233,0.008276,NA,132.6,NA,NA
Myotis_lucifugus,Chiroptera,Vespertilionidae,Davy_7,Davy,mammal,NorthAmerica,Canada_USA,-118.376928,60.753349,0,0,terrestrial,10.5061/dryad.h7n25,10.1139/facets-2017-0022,22,11,0.850523,6.689107,0.029558,NA,23.2,NA,NA
Myotis_lucifugus,Chiroptera,Vespertilionidae,BAT002054,Burns,mammal,NorthAmerica,Canada_USA,-63.819779,45.302365,0,0,terrestrial,10.5061/dryad.hs37s,10.1002/ece3.1266,15,9,0.787225,5.297862,-0.01692,90.3,16,NA,NA
Myotis_lucifugus,Chiroptera,Vespertilionidae,Lausen_MYLU_hazelton,Lausen,mammal,NorthAmerica,Canada_USA,-127.6718217,55.26469521,0,0,terrestrial,10.5061/dryad.h9b3d30,10.1139/cjz-2018-0113,5,31,0.775873016,6.571428571,0.005058606,NA,NA,NA,NA
Myotis_lucifugus,Chiroptera,Vespertilionidae,BAT001116,Burns,mammal,NorthAmerica,Canada_USA,-71.289578,45.756918,0,0,terrestrial,10.5061/dryad.hs37s,10.1002/ece3.1266,60,9,0.807952,5.374672,-0.016141,1198.3,97,NA,NA
Myotis_lucifugus,Chiroptera,Vespertilionidae,Johnson_17,Johnson,mammal,NorthAmerica,Canada_USA,-72.39518,45.15353,0,0,terrestrial,10.5061/dryad.47nm0,10.1371/journal.pone.0133457,26,8,0.836821,6.025464,-0.014791,NA,56.7,NA,NA
Myotis_lucifugus,Chiroptera,Vespertilionidae,Johnson_6,Johnson,mammal,NorthAmerica,Canada_USA,-64.17725,45.15463,0,0,terrestrial,10.5061/dryad.47nm0,10.1371/journal.pone.0133457,59,8,0.842227,5.992954,-0.00955,NA,NA,NA,NA
Myotis_lucifugus,Chiroptera,Vespertilionidae,BAT002286,Burns,mammal,NorthAmerica,Canada_USA,-65.017685,45.048529,0,0,terrestrial,10.5061/dryad.hs37s,10.1002/ece3.1266,70,9,0.78804,5.151285,0.010312,NA,299.6,NA,NA
Myotis_lucifugus,Chiroptera,Vespertilionidae,Johnson_19,Johnson,mammal,NorthAmerica,Canada_USA,-73.1544,45.54194,0,0,terrestrial,10.5061/dryad.47nm0,10.1371/journal.pone.0133457,14,8,0.811763,6.030041,-0.004443,NA,22.3,NA,NA
Myotis_lucifugus,Chiroptera,Vespertilionidae,BAT001166,Burns,mammal,NorthAmerica,Canada_USA,-64.850121,45.89356,0,0,terrestrial,10.5061/dryad.hs37s,10.1002/ece3.1266,40,9,0.810061,5.451502,-0.02314,NA,148.5,NA,NA
Myotis_lucifugus,Chiroptera,Vespertilionidae,Davy_11,Davy,mammal,NorthAmerica,Canada_USA,-112.081496,57.527419,0,0,terrestrial,10.5061/dryad.h7n25,10.1139/facets-2017-0022,11,11,0.828009,6.826336,0.03818,12.5,2.9,NA,NA
Myotis_lucifugus,Chiroptera,Vespertilionidae,Johnson_2,Johnson,mammal,NorthAmerica,Canada_USA,-62.06886,45.51183,0,0,terrestrial,10.5061/dryad.47nm0,10.1371/journal.pone.0133457,30,8,0.845661,6.102214,-0.023157,27.6,13.9,92.3,NA
Myotis_lucifugus,Chiroptera,Vespertilionidae,Johnson_21,Johnson,mammal,NorthAmerica,Canada_USA,-63.85748,45.00216,0,0,terrestrial,10.5061/dryad.47nm0,10.1371/journal.pone.0133457,48,8,0.823869,5.921352,0.009745,59.4,26.3,710.3,NA
Myotis_lucifugus,Chiroptera,Vespertilionidae,BAT002189,Burns,mammal,NorthAmerica,Canada_USA,-66.037331,45.329943,0,0,terrestrial,10.5061/dryad.hs37s,10.1002/ece3.1266,11,9,0.736726,4.810464,0.036247,NA,12.7,NA,NA
Myotis_lucifugus,Chiroptera,Vespertilionidae,Johnson_27,Johnson,mammal,NorthAmerica,Canada_USA,-63.6331,44.7637,0,0,terrestrial,10.5061/dryad.47nm0,10.1371/journal.pone.0133457,19,8,0.721792,9.632367,0.02858,41.9,11.3,NA,NA
Myotis_lucifugus,Chiroptera,Vespertilionidae,Johnson_4,Johnson,mammal,NorthAmerica,Canada_USA,-64.80107,44.49453,0,0,terrestrial,10.5061/dryad.47nm0,10.1371/journal.pone.0133457,21,8,0.80055,5.725965,0.021168,42,10.9,NA,NA
Myotis_lucifugus,Chiroptera,Vespertilionidae,Johnson_28,Johnson,mammal,NorthAmerica,Canada_USA,-63.2613,44.71337,0,0,terrestrial,10.5061/dryad.47nm0,10.1371/journal.pone.0133457,19,8,0.722645,9.891217,0.015411,40.3,8,NA,NA
Myotis_lucifugus,Chiroptera,Vespertilionidae,Johnson_29,Johnson,mammal,NorthAmerica,Canada_USA,-64.67961,45.90124,0,0,terrestrial,10.5061/dryad.47nm0,10.1371/journal.pone.0133457,29,8,0.820571,5.861257,0.006814,131.5,27.4,NA,NA
Myotis_lucifugus,Chiroptera,Vespertilionidae,Davy_15,Davy,mammal,NorthAmerica,Canada_USA,-110.003208,48.301095,0,0,terrestrial,10.5061/dryad.h7n25,10.1139/facets-2017-0022,16,11,0.870423,6.98489,0.004858,42.7,10.7,NA,NA
Myotis_lucifugus,Chiroptera,Vespertilionidae,Johnson_14,Johnson,mammal,NorthAmerica,Canada_USA,-64.13833,44.95397,0,0,terrestrial,10.5061/dryad.47nm0,10.1371/journal.pone.0133457,57,8,0.842268,6.046739,-0.011305,361.2,55.3,NA,NA
Myotis_lucifugus,Chiroptera,Vespertilionidae,BAT001453,Burns,mammal,NorthAmerica,Canada_USA,-64.6576,45.925809,0,0,terrestrial,10.5061/dryad.hs37s,10.1002/ece3.1266,29,9,0.78275,5.170544,0.006515,296.9,41.8,NA,NA
Myotis_lucifugus,Chiroptera,Vespertilionidae,Johnson_10,Johnson,mammal,NorthAmerica,Canada_USA,-63.52753,45.24312,0,0,terrestrial,10.5061/dryad.47nm0,10.1371/journal.pone.0133457,126,8,0.85103,6.087351,-0.014975,NA,220.8,NA,NA
Myotis_lucifugus,Chiroptera,Vespertilionidae,Johnson_12,Johnson,mammal,NorthAmerica,Canada_USA,-62.99332,44.85401,0,0,terrestrial,10.5061/dryad.47nm0,10.1371/journal.pone.0133457,49,8,0.831774,5.873107,0.000692,NA,76.9,NA,NA
Myotis_myotis,Chiroptera,Vespertilionidae,Afonso_LeBourg_myotis,Afonso,mammal,Europe,France,6.03,45.06,0,0,terrestrial,10.5061/dryad.g53d0,10.1371/journal.pone.0170534,140,NA,0.761505102040816,5.26880924254661,NA,28.4,22.9,35.2,NA
Myotis_myotis_x_Myotis_blythii,Chiroptera,Vespertilionidae,Afonso_LeBourg_hybrids,Afonso,mammal,Europe,France,6.03,45.06,1,0,terrestrial,10.5061/dryad.g53d0,10.1371/journal.pone.0170534,13,NA,0.797202797202797,5.63937763187632,NA,3.3,2.4,7.4,NA
Myotis_septentrionalis,Chiroptera,Vespertilionidae,2,Johnson,mammal,NorthAmerica,Canada_USA,-63.44285,44.99882,0,0,terrestrial,10.5061/dryad.47nm0,10.1371/journal.pone.0133457,56,5,0.872306,6.667151,0.002611,378.8,24.1,NA,NA
Myotis_septentrionalis,Chiroptera,Vespertilionidae,Lausen_MYSE_nealberta,Lausen,mammal,NorthAmerica,Canada_USA,-110,50.68808989,0,0,terrestrial,10.5061/dryad.h9b3d30,10.1139/cjz-2018-0113,19,7,0.823951216,5.949127825,-0.014524731,21.4,12.8,44.4,NA
Myotis_septentrionalis,Chiroptera,Vespertilionidae,4,Johnson,mammal,NorthAmerica,Canada_USA,-62.11658,45.25271,0,0,terrestrial,10.5061/dryad.47nm0,10.1371/journal.pone.0133457,34,5,0.846092,6.350514,0.017381,NA,7.7,NA,NA
Myotis_septentrionalis,Chiroptera,Vespertilionidae,6,Johnson,mammal,NorthAmerica,Canada_USA,-66.06787,45.30209,0,0,terrestrial,10.5061/dryad.47nm0,10.1371/journal.pone.0133457,76,5,0.875094,6.632082,0.001205,96.7,19.7,NA,NA
Myotis_septentrionalis,Chiroptera,Vespertilionidae,11,Johnson,mammal,NorthAmerica,Canada_USA,-64.67961,45.90124,0,0,terrestrial,10.5061/dryad.47nm0,10.1371/journal.pone.0133457,50,5,0.869453,6.572732,0.003936,NA,166.4,NA,NA
Myotis_septentrionalis,Chiroptera,Vespertilionidae,Lausen_MYSE_hazelton,Lausen,mammal,NorthAmerica,Canada_USA,-127.6718217,55.26469521,0,0,terrestrial,10.5061/dryad.h9b3d30,10.1139/cjz-2018-0113,39,14,0.774365073,5.116029882,0.060009813,119.3,55.9,2423.6,NA
Myotis_septentrionalis,Chiroptera,Vespertilionidae,5,Johnson,mammal,NorthAmerica,Canada_USA,-63.52753,45.24312,0,0,terrestrial,10.5061/dryad.47nm0,10.1371/journal.pone.0133457,98,5,0.877547,6.64011,0.000706,375.2,43.8,NA,NA
Myotis_septentrionalis,Chiroptera,Vespertilionidae,10,Johnson,mammal,NorthAmerica,Canada_USA,-63.83984,45.05574,0,0,terrestrial,10.5061/dryad.47nm0,10.1371/journal.pone.0133457,110,5,0.881178,6.71633,-0.00242,84.1,26.6,NA,NA
Myotis_septentrionalis,Chiroptera,Vespertilionidae,1,Johnson,mammal,NorthAmerica,Canada_USA,-64.87149,45.87527,0,0,terrestrial,10.5061/dryad.47nm0,10.1371/journal.pone.0133457,38,5,0.871393,6.679716,-0.006547,NA,NA,NA,NA
Myotis_septentrionalis,Chiroptera,Vespertilionidae,8,Johnson,mammal,NorthAmerica,Canada_USA,-63.65522,45.48071,0,0,terrestrial,10.5061/dryad.47nm0,10.1371/journal.pone.0133457,82,5,0.881889,6.729289,-0.0055,28.7,9.9,186.5,NA
Myotis_septentrionalis,Chiroptera,Vespertilionidae,13,Johnson,mammal,NorthAmerica,Canada_USA,-65.06183,45.6204,0,0,terrestrial,10.5061/dryad.47nm0,10.1371/journal.pone.0133457,54,5,0.868102,6.557831,0.002982,124.5,12.9,NA,NA
Myotis_septentrionalis,Chiroptera,Vespertilionidae,15,Johnson,mammal,NorthAmerica,Canada_USA,-63.2498,45.59554,0,0,terrestrial,10.5061/dryad.47nm0,10.1371/journal.pone.0133457,40,5,0.862894,6.542479,0.004217,3068.4,19.4,NA,NA
Myotis_septentrionalis,Chiroptera,Vespertilionidae,14,Johnson,mammal,NorthAmerica,Canada_USA,-65.21088,44.43795,0,0,terrestrial,10.5061/dryad.47nm0,10.1371/journal.pone.0133457,62,5,0.854773,6.379836,0.02129,11.6,3,49.1,NA
Myotis_septentrionalis,Chiroptera,Vespertilionidae,9,Johnson,mammal,NorthAmerica,Canada_USA,-63.81196,45.26536,0,0,terrestrial,10.5061/dryad.47nm0,10.1371/journal.pone.0133457,42,5,0.87057,6.751306,-0.003006,NA,14.8,NA,NA
Myotis_septentrionalis,Chiroptera,Vespertilionidae,12,Johnson,mammal,NorthAmerica,Canada_USA,-63.31683,44.93616,0,0,terrestrial,10.5061/dryad.47nm0,10.1371/journal.pone.0133457,38,5,0.868769,6.721116,-0.008837,23.9,2.8,NA,NA
Myotis_septentrionalis,Chiroptera,Vespertilionidae,7,Johnson,mammal,NorthAmerica,Canada_USA,-62.99332,44.85401,0,0,terrestrial,10.5061/dryad.47nm0,10.1371/journal.pone.0133457,62,5,0.873628,6.613128,0.000869,17.6,4,104.7,NA
Myotis_septentrionalis,Chiroptera,Vespertilionidae,3,Johnson,mammal,NorthAmerica,Canada_USA,-64.17725,45.15463,0,0,terrestrial,10.5061/dryad.47nm0,10.1371/journal.pone.0133457,54,5,0.863929,6.580617,0.007907,312,13.8,NA,NA
Myotis_thysanodes,Chiroptera,Vespertilionidae,Lausen_MYTH_galllagher,Lausen,mammal,NorthAmerica,Canada_USA,-119.5198567,49.24017933,0,0,terrestrial,10.5061/dryad.h9b3d30,10.1139/cjz-2018-0113,6,14,0.656746032,4.601731602,0.005418618,NA,7.3,NA,NA
Nyctalus_lasiopterus,Chiroptera,Vespertilionidae,Santos_DR,Santos,mammal,Europe,Spain,-6.44,36.99,0,0,terrestrial,10.5061/dryad.rc504,10.1002/ece3.2330,24,NA,0.737024068663955,4.45711235877028,0.041729111387262,262.2,37.6,NA,NA
Nyctalus_lasiopterus,Chiroptera,Vespertilionidae,Santos_ZJF,Santos,mammal,Europe,Spain,-6.15,36.7,0,0,terrestrial,10.5061/dryad.rc504,10.1002/ece3.2330,32,NA,0.764960983078426,4.84768611172602,-0.0267976429888235,NA,229.2,NA,NA
Nyctalus_lasiopterus,Chiroptera,Vespertilionidae,Santos_DO,Santos,mammal,Europe,Spain,-6.44,36.99,0,0,terrestrial,10.5061/dryad.rc504,10.1002/ece3.2330,23,NA,0.734507067109741,4.42118565658541,0.0435030378049046,29.8,14.2,151.3,NA
Nyctalus_lasiopterus,Chiroptera,Vespertilionidae,Santos_MLP,Santos,mammal,Europe,Spain,-5.59,37.37,0,0,terrestrial,10.5061/dryad.rc504,10.1002/ece3.2330,83,NA,0.732214761644469,4.52490357880021,0.0285160195992848,84.9,52.1,173.4,NA
Nyctalus_lasiopterus,Chiroptera,Vespertilionidae,Santos_ANP,Santos,mammal,Europe,Spain,-5.44,36.31,0,0,terrestrial,10.5061/dryad.rc504,10.1002/ece3.2330,52,NA,0.72817557766703,4.58052593788795,0.0301297468771968,NA,170.6,NA,NA
Nyctalus_leisleri,Chiroptera,Vespertilionidae,Boston_PT,Boston,mammal,Europe,Northern_Ireland,-6.755636,54.498611,0,0,terrestrial,10.5061/dryad.6g6r6,10.1098/rspb.2014.2605,20,NA,0.768725132208512,5.2355650830433,-0.021203253031278,128.6,28.5,NA,NA
Nyctalus_leisleri,Chiroptera,Vespertilionidae,Boston_TE,Boston,mammal,Europe,Northern_Ireland,-6.703625,54.536694,0,0,terrestrial,10.5061/dryad.6g6r6,10.1098/rspb.2014.2605,9,NA,0.708508698092031,4.70288490475656,0.0278586919796437,284.8,14.4,NA,NA
Nyctalus_leisleri,Chiroptera,Vespertilionidae,Boston_OU,Boston,mammal,Europe,Northern_Ireland,-9.319042,53.431653,0,0,terrestrial,10.5061/dryad.6g6r6,10.1098/rspb.2014.2605,12,NA,0.728459700308874,4.41490743752917,0.0149614085130765,87.1,15.4,NA,NA
Nyctalus_leisleri,Chiroptera,Vespertilionidae,Boston_JO,Boston,mammal,Europe,Northern_Ireland,-5.898439,54.688333,0,0,terrestrial,10.5061/dryad.6g6r6,10.1098/rspb.2014.2605,8,NA,0.673374368686869,4.0997865770593,0.0679708434072779,NA,33.4,NA,NA
Nyctalus_leisleri,Chiroptera,Vespertilionidae,Boston_PTY,Boston,mammal,Europe,France,4.309678,47.386567,0,0,terrestrial,10.5061/dryad.6g6r6,10.1098/rspb.2014.2605,20,NA,0.781447298469459,5.33438057589918,-0.0382647071407969,48.4,21.5,5476.6,NA
Nyctalus_leisleri,Chiroptera,Vespertilionidae,Boston_CR,Boston,mammal,Europe,Northern_Ireland,-8.298853,51.803319,0,0,terrestrial,10.5061/dryad.6g6r6,10.1098/rspb.2014.2605,16,NA,0.738482481060606,4.65005650599965,0.0124769875424242,136861.7,31.1,NA,NA
Nyctalus_leisleri,Chiroptera,Vespertilionidae,Boston_NP,Boston,mammal,Europe,Northern_Ireland,-5.916139,54.579089,0,0,terrestrial,10.5061/dryad.6g6r6,10.1098/rspb.2014.2605,6,NA,0.659090909090909,4.24517906336088,0.0689518328554188,2.9,1.5,27.7,NA
Nyctalus_leisleri,Chiroptera,Vespertilionidae,Boston_KE,Boston,mammal,Europe,Northern_Ireland,-7.724792,54.521247,0,0,terrestrial,10.5061/dryad.6g6r6,10.1098/rspb.2014.2605,9,NA,0.688990600448934,4.53419456360633,0.0538260597245485,301.9,11.2,NA,NA
Nyctalus_leisleri,Chiroptera,Vespertilionidae,Boston_CW,Boston,mammal,Europe,Northern_Ireland,-7.562217,54.186394,0,0,terrestrial,10.5061/dryad.6g6r6,10.1098/rspb.2014.2605,6,NA,0.683080808080808,4.56887052341598,0.0350631064650987,NA,6.9,NA,NA
Nyctalus_leisleri,Chiroptera,Vespertilionidae,Boston_NPY,Boston,mammal,Europe,Northern_Ireland,-5.580544,54.367744,0,0,terrestrial,10.5061/dryad.6g6r6,10.1098/rspb.2014.2605,14,NA,0.719833852045391,4.46192724296225,0.0323559454352703,13,6.7,32.4,NA
Nyctalus_leisleri,Chiroptera,Vespertilionidae,Boston_TO,Boston,mammal,Europe,Northern_Ireland,-5.924617,54.221081,0,0,terrestrial,10.5061/dryad.6g6r6,10.1098/rspb.2014.2605,17,NA,0.700016977044829,4.35206717108698,0.0648056077294485,192,21.6,NA,NA
Nyctalus_leisleri,Chiroptera,Vespertilionidae,Boston_SB,Boston,mammal,Europe,France,4.088256,47.272544,0,0,terrestrial,10.5061/dryad.6g6r6,10.1098/rspb.2014.2605,14,NA,0.745754741290455,5.02001884940645,-0.00195648969289319,17.8,8.3,75.7,NA
Nyctalus_leisleri,Chiroptera,Vespertilionidae,Boston_BA,Boston,mammal,Europe,Northern_Ireland,-6.579333,52.238356,0,0,terrestrial,10.5061/dryad.6g6r6,10.1098/rspb.2014.2605,17,NA,0.726443760400167,4.63289600090537,0.0296930962101585,NA,54.3,NA,NA
Nyctalus_leisleri,Chiroptera,Vespertilionidae,Boston_TI,Boston,mammal,Europe,Northern_Ireland,-8.567794,51.643436,0,0,terrestrial,10.5061/dryad.6g6r6,10.1098/rspb.2014.2605,15,NA,0.710764790764791,4.62297859637372,0.0473953499908036,NA,NA,NA,NA
Rhynchonycteris_naso,Chiroptera,Emballonuridae,Gunther_C5,Gunther,mammal,SouthAmerica,CostaRica,-84,10.416667,0,0,terrestrial,10.5061/dryad.df878,10.1098/rsos.160503,56,10,0.873517219387755,6.45980210269202,0.013825784818958,187.1,68.4,NA,NA
Rhynchonycteris_naso,Chiroptera,Emballonuridae,Gunther_RS,Gunther,mammal,SouthAmerica,CostaRica,-84,10.416667,0,0,terrestrial,10.5061/dryad.df878,10.1098/rsos.160503,64,10,0.879189506025211,6.5312458202031,0.00849998672088714,105.4,53.1,471.5,NA
Rhynchonycteris_naso,Chiroptera,Emballonuridae,Gunther_CG,Gunther,mammal,SouthAmerica,CostaRica,-84,10.416667,0,0,terrestrial,10.5061/dryad.df878,10.1098/rsos.160503,78,10,0.871656304623338,6.45875225920418,0.0184128250449349,51.8,34.4,85.7,NA
Thyroptera_tricolor,Chiroptera,Thyropteridae,Buchalski_Km,Buchalski,mammal,SouthAmerica,CostaRica,-83.083,8.633,0,0,terrestrial,10.5061/dryad.46h6j,10.1111/mec.12593,379,9,0.824590003427442,5.78367027041106,0.017768313328136,163.6,111,255.7,NA
Thyroptera_tricolor,Chiroptera,Thyropteridae,Buchalski_Sirena,Buchalski,mammal,SouthAmerica,CostaRica,-83.583,8.467,0,0,terrestrial,10.5061/dryad.46h6j,10.1111/mec.12593,387,9,0.813764352232052,5.61158846659873,0.0306909001462987,154,106,234.8,NA
